Range,Count,Avg_Distance
round_01_10,30,0.101797
round_11_20,30,0.040097
round_21_30,30,0.038287
