Range,Count,Avg_Distance
round_01_10,30,0.102503
round_11_20,30,0.041633
round_21_30,30,0.038943
