Range,Count,Avg_Distance
round_01_10,580,0.125051
round_11_20,580,0.061711
round_21_30,580,0.050003
