Range,Count,Avg_Distance
round_01_10,30,0.478427
round_11_20,30,0.560777
round_21_30,30,0.563913
