Range,Count,Avg_Distance
round_01_10,30,0.116797
round_11_20,30,0.05039
round_21_30,30,0.048417
